text,label,wcount,calculated_word_count
गिरी और ट्रेंड होने लगा ट्विटर पर वाले छात्रों का बोलबाला पर -239 के आंकड़े ने 56 इंच के सीने की भद्द पिटा दी पर फैसला NSA हटा लोगों ने क्या कहा,0,32,32
महाराष्ट्रातील देशद्रोह्यांना महाराष्ट्रातील नागरिक ओळखतात आणि महाराष्ट्राला पाकिस्तान म्हणून संबोधणा व्यक्तीचे समर्थन करतात,0,13,13
लॉकडाउन 1 और 2 में ​बुक किए गये घरेलू व अंतरराष्ट्रीय उड़ानों के लिए टिकटों का पूरा पैसा रिफंड किया जाएगा,0,21,21
पिछले वर्ष 1 माह के लिए परिसंघ का फ़ेस्बुक बंद उस समय हुआ जब रैली का आयोजन था।बहुत कोशिश किया fb के हेड अंखी दास से बात करने की लेकिन असफल। अब पता चला कि भाजपा नेता रवि शंकर प्रसाद जैसे लोगों से मिलती हैं।वॉल स्ट्रीट जर्नल का धन्यवादी हूँ कि fb की पक्षता का पर्दाफ़ाश किया।,0,57,57
NHAI ने विकासकर्ताओं सलाहकारों के प्रदर्शन पर नजर रखने के लिए बनाया पोर्टल via,0,14,14
Bihar Election NDA में सीट बंटवारे को लेकर खींचतान जारी BJP के पास चिराग तो नीतीश कुमार के पास मांझी रिपोर्टः-,0,21,21
हम सब की माँग है कि इसी मानसून सत्र में अब जनसंख्या नियंत्रण कानून आना चाहिये रीट्वीट करें एवं रीट्वीट करने वाले सभी साथी एक दूसरे को फ़ॉलो करें मैं 200 सनातनी साथियों को फ़ॉलो बैक करूँगा जय श्री राम,0,40,40
परीक्षा सेंटर तक पहुंचाने के लिए पति ने गर्भवती पत्नी के साथ स्कूटर से तय की 1200 किमी की दूरी,0,20,20
कांग्रेस के बजट कार्यालय सीबीओ के अनुमानों के अनुसार ओबामाकेयर को पूरी तरह निरस्त करने से स्पीकर पॉल रयान के सुधारों की तुलना में अधिक अमेरिकियों का बीमा होगा। [ओबामाकेयर को निरस्त करने की रिपब्लिकन नेतृत्व की योजना पर सीबीओ के विश्लेषण का अनुमान है कि 2018 में 14 मिलियन लोगों का बीमा बंद हो जाएगा जबकि 2026 तक 24 मिलियन लोगों का बीमा समाप्त हो जाएगा। इन आंकड़ों की तुलना में 2015 के पूर्ण निरसन विधेयक पर सीबीओ के शोध से संकेत मिलता है कि यह होगा रयान योजना से अधिक अमेरिकियों का बीमा करें। वाशिंगटन एग्जामिनर के प्रबंध संपादक फिलिप क्लेन ने कहा कि रयान योजना में अरबों डॉलर के टैक्स क्रेडिट देने के बावजूद योजना में ओबामाकेयर नियमों को भी बरकरार रखा गया है जो किसी भी अधिक प्रगति को रोक सकता है। क्लेन ने कहा इसका कारण यह है कि रिपब्लिकन प्रतिस्थापन ओबामाकेयर के कई नियमों को संरक्षित करता है जो बीमा की लागत को बढ़ाते हैं। तो संक्षेप में जीओपी विकल्प लोगों से कम वित्तीय सहायता के साथ महंगी ओबामाकेयर योजनाएं खरीदने के लिए कहेगा। इसके विपरीत जबकि पूर्ण निरसन से कोई सहायता नहीं मिलेगी क्योंकि इससे ओबामाकेयर के नियमों से छुटकारा मिल जाएगा इससे बीमा सस्ता हो जाएगा। रेयान योजना के तहत पूर्ण निरसन और आंशिक निरसन के अपेक्षाकृत समान प्रभावों के आधार पर क्लेन का तर्क है यदि रिपब्लिकन को कवरेज संख्याओं पर दबाव पड़ने वाला है तो वे इसे उस प्रकार की योजना के लिए भी कर सकते हैं जो दार्शनिक रूप से सुसंगत और सुसंगत है रूढ़िवादी सिद्धांत एक योजना है जो वास्तव में उस तरह की पसंद और प्रतिस्पर्धा की शुरुआत करेगी जो रिपब्लिकन हमेशा दावा करते रहे हैं कि वे चाहते हैं कि वास्तव में कवरेज पर एक बड़ा उलटा आश्चर्य हो सकता है यदि व्यक्तियों को मुक्त बाजार नवाचार से लाभ होता है जिसके लिए सीबीओ मॉडल नहीं बना सकता है। ”,0,314,314
ग्रैमी रैपर एमिनेम ने राष्ट्रपति डोनाल्ड ट्रम्प को कुतिया कहा और साथी डेट्रॉइट रैपर बिग सीन के नए स्टूडियो एल्बम आई डिसाइडेड के एक गाने में बेस्टसेलिंग रूढ़िवादी लेखक एन कूल्टर के यौन उत्पीड़न के बारे में कल्पना की। [मैं विरोधी हूं क्या कोई सरकार एक कमांडो को नहीं संभाल सकती। आपका आदमी यह नहीं चाहता ट्रम्प एक कुतिया है। एमिनेम ने नो फेवर्स गाने पर ट्रंप के बारे में कहा मैं उनके पूरे ब्रांड को खत्म कर दूंगा। इसमें रूढ़िवादी लेखिका और पंडित ऐन कूल्टर के यौन उत्पीड़न के बारे में भी बताया गया है। “और क्लैन पोस्टर के साथ ऐन कूल्टर को चोदो। लैंप पोस्ट दरवाज़े के हैंडल शटर के साथ। एक लानत बोल्ट कटर एक चप्पल एक कैन ओपनर एक मोमबत्ती रबर। पियानो एक फलालैन सकर कुछ हाथ साबुन मक्खन। एक बैंजो और मैनहोल कवर एमिनेम रैप करता है। यह पहली बार नहीं है कि एमिनेम ने किसी रूढ़िवादी महिला पर हमला करने के लिए स्पष्ट यौन भाषा का इस्तेमाल किया है। 2009 में एमिनेम के गीत वी मेड यू में रैपर को अलास्का की पूर्व गवर्नर सारा पॉलिन के साथ यौन संबंध बनाते हुए देखा गया था। “और फिर मैं सारा पॉलिन को रात्रि भोज पर आमंत्रित करूँगा। उसे सजाओ बेबी मेरे छोटे दोस्त को नमस्ते कहो! एमिनेम रैप्स गाने के संगीत वीडियो में एमिनेम ने एक घटिया सीक्वेंस के लिए पॉलिन को कास्ट किया जिसमें कम कपड़ों वाली महिला को स्कर्ट और बस्टियर पहने हुए एक ऑफिस डेस्क पर दिखाया गया है और एमिनेम को उपरोक्त गीतों का रैप करते हुए और पॉलिन के पति टॉड पॉलिन के रूप में कपड़े पहने हुए देखा गया है। एमिनेम ने नए गाने पर ब्लैक लाइव्स मैटर की भी प्रशंसा की। “हैम डोनट जाओ या रेम्बो जाओ उसका एक उदाहरण बनाना होगा। वह सैंड्रा ब्लांड हो और फिलैंडो के लिए है वह काले लोगों की दो मौतों का संदर्भ देते हुए रैप करता है। रैपर बिग सीन ने इस सप्ताह की शुरुआत में सोशल मीडिया पर अपने एल्बम से अलग होने के लिए एमिनेम को धन्यवाद दिया जो शुक्रवार को रिलीज़ हुआ था। िनेम नो फ़ेवर्स ऐसा लगता है जैसे बैक टू बैक होमरून आपने साला इस कविता को नष्ट कर दिया! एल्बम को यह आशीर्वाद देने के लिए धन्यवाद! ेट्रॉइट तस्वीर ट्विटर। - सीन डॉन फरवरी 3 2017 बिग सीन हाल ही में न्यूयॉर्क रेडियो स्टेशन हॉट 97 पर दिखाई दिए और डोनाल्ड ट्रम्प को मारने के बारे में कल्पना की। “मुझे पता है कि जय को मुझ पर गर्व है उसने इसे मेरे गले में डाल दिया।” और मैं शायद उसी आइसपिक से आईएसआईएस को मार डालूंगा। बिग सीन ने एक फ्रीस्टाइल प्रदर्शन के दौरान रैप करते हुए कहा मैं उसी रात डोनाल्ड ट्रंप की हत्या कर देता हूं। ट्विटर पर जेरोम हडसन को फ़ॉलो करें,0,460,460
बदल गया Vodafone idea का नाम अब Vi के नाम से जानी जाएगी कंपनी,0,14,14
सुप्रीम कोर्ट के उम्मीदवार नील गोरसच की पुष्टि पर मतदान तेजी से होने के साथ एनआरए स्पष्ट कर रहा है कि वे रेड स्टेट डेमोक्रेट्स के खिलाफ अभियान चलाएंगे जो उम्मीदवार के खिलाफ मतदान करते हैं। [रेड स्टेट्स से कई सीनेट डेमोक्रेट हैं जो 2018 में हैं। गेटवे पंडित ने नामों की एक सूची प्रकाशित की जिसमें सीनेटर टैमी बाल्डविन शेरोड ब्राउन जो डोनेली हेइडी हेइटकैंप जो मैनचिन क्लेयर मैककस्किल बिल नेल्सन और जॉन टेस्टर अन्य लोगों के बीच। इस सूची में जो डेमोक्रेट गोरसच की पुष्टि के खिलाफ वोट करते हैं वे न केवल खुद को रिपब्लिकन चैलेंजर के खिलाफ बल्कि एनआरए के खिलाफ भी अभियान चलाते हुए पाएंगे। वाशिंगटन एग्जामिनर ने कार्यकारी निदेशक क्रिस कॉक्स के एक पत्र का हवाला दिया जिसमें उन्होंने लिखा था एनआरए को पूरा विश्वास है कि न्यायाधीश गोरसच कानून का पालन करने वाले बंदूक मालिकों के दूसरे संशोधन अधिकारों की रक्षा करेंगे और उनके सामने आने वाले मामलों में संविधान को ईमानदारी से लागू करेंगे। पुष्टि के लिए उसे हमारा सबसे मजबूत समर्थन प्राप्त है। कॉक्स ने कहा पूरे देश में एनआरए सदस्यों और बंदूक मालिकों के लिए इस मुद्दे के महत्व के कारण भविष्य के उम्मीदवार मूल्यांकन में उनकी पुष्टि पर वोटों पर विचार किया जाएगा और हम तदनुसार अपने सदस्यों को सूचित करेंगे। न्यूयॉर्क टाइम्स से पता चलता है कि सीनेटर बाल्डविन ब्राउन डोनेली हेइटकैंप मैककस्किल नेल्सन और टेस्टर ने पहले ही संशोधन अटॉर्नी जनरल जेफ सेशंस की पुष्टि के खिलाफ मतदान किया था। वे वोट साथ ही गोरसच के खिलाफ कोई भी वोट केवल रेड स्टेट डेमोक्रेट्स के खिलाफ एनआरए की निरंकुश प्रचार शक्ति को उजागर करने की उम्मीद की जा सकती है। यह जानना भी दिलचस्प है कि राष्ट्रपति ट्रम्प ने उपरोक्त सभी आठ राज्यों में जीत हासिल की विस्कॉन्सिन ओहियो इंडियाना नॉर्थ डकोटा मिसौरी फ्लोरिडा मोंटाना और वेस्ट वर्जीनिया। यह अकेले ही सीनेटरों पर अतिरिक्त दबाव डालता है क्या उन्हें दूसरे संशोधन को वामपंथियों की साजिशों से बचाने के लिए नामित ट्रम्प के खिलाफ वोट देना चाहिए। AWR हॉकिन्स ब्रेइटबार्ट न्यूज़ के लिए दूसरा संशोधन स्तंभकार और ब्रेइटबार्ट न्यूज़ पॉडकास्ट AWR हॉकिन्स के साथ बुलेट्स के मेजबान हैं। वह सशस्त्र अमेरिकी रेडियो के राजनीतिक विश्लेषक भी हैं। ट्विटर पर उनका अनुसरण करें । सीधे उससे पर संपर्क करें। com,0,371,371
हिलेरी क्लिंटन ने मंगलवार को एक वीडियो संदेश में अपनी तुलना डीसी कॉमिक्स सुपरहीरो वंडर वुमन से की जो बेवर्ली हिल्स में वीमेन इन फिल्म लॉस एंजिल्स के क्रिस्टल + लुसी अवार्ड्स में प्रसारित हुआ। [क्लिंटन ने महिला निर्देशकों निर्माताओं लेखकों संगीतकारों और अधिकारियों को ऊपर उठाने की प्रतिबद्धता के लिए फिल्म में महिलाओं को धन्यवाद देकर शुरुआत की। तब पूर्व डेमोक्रेटिक राष्ट्रपति पद के उम्मीदवार ने सुझाव दिया कि वह और वंडर वुमन दोनों दुनिया को बचाने की तलाश में थे। क्लिंटन ने वीडियो में कहा मैंने अभी तक वंडर वुमन नहीं देखी है लेकिन मैं देखने जा रहा हूं क्योंकि यह शानदार पैटी जेनकिंस द्वारा निर्देशित है। “लेकिन कुछ मुझे बताता है कि दुनिया को एक बड़ी अंतरराष्ट्रीय आपदा से बचाने के लिए लड़ने वाली एक मजबूत शक्तिशाली महिला के बारे में एक फिल्म मेरी गली में है। क्लिंटन की टेप की गई वीडियो टिप्पणियाँ अभिनेत्री एलिजाबेथ बैंक्स को सम्मानित करने के लिए थीं जिन्होंने पिछले साल डेमोक्रेटिक नेशनल कन्वेंशन में राष्ट्रपति डोनाल्ड ट्रम्प की आलोचना की थी और क्लिंटन के लिए स्टम्पिंग की थी। क्लिंटन ने अपने मित्र बैंक्स के बारे में कहा वह फिर से स्क्रीन पर और बाहर एक विशेष व्यक्ति हैं। “आप न केवल कैमरे के सामने और उसके पीछे एक रचनात्मक शक्ति हैं आप महिलाओं की समानता और अवसर के लिए एक उत्साही वकील हैं मैं इसकी गारंटी दे सकता हूं। को सम्मानित करने के लिए आश्चर्यजनक वीडियो के दौरान ने तस्वीर देखने की इच्छा व्यक्त की। ट्विटर। - क्रिस गार्डनर 14 जून 2017 द पिच परफेक्ट के निर्देशक और स्टार ने एक फाइट सॉन्ग संगीत वीडियो का निर्माण किया जिसका प्रीमियर पिछले साल जुलाई में डेमोक्रेटिक नेशनल कन्वेंशन के दूसरे दिन के दौरान हुआ था। चुनाव दिवस से एक सप्ताह पहले बैंक अमेरिकियों को क्लिंटन को वोट देने के लिए मनाने के लिए एक अन्य वीडियो में दिखाई दिए। ट्विटर पर जेरोम हडसन को फ़ॉलो करें,0,314,314
ये कांग्रेस के मेनिफेस्टो में क्या प्रिंटिंग मिस्टेक थी क्या या बस हर चीज का विरोध करना है साला सबके दिमाग मे पप्पू वायरस घुस गया,0,26,26
सीएनएन के न्यू डे के बुधवार के प्रसारण पर सीएनएन आतंकवाद विरोधी विश्लेषक और सीआईए के पूर्व आतंकवाद विरोधी अधिकारी फिल मड ने कहा कि प्रतिनिधि ट्रे गौडी को उनकी आलोचना करनी चाहिए। ट्रम्प अभियान और रूस के बीच संबंध दिखाने वाले सबूतों की मौजूदगी पर गौडी और पूर्व सीआईए निदेशक जॉन ब्रेनन के बीच बहस की एक क्लिप देखने के बाद मड ने कहा “ट्रे गौडी को कड़ी फटकार लगानी चाहिए। वह बुद्धि और साक्ष्य के बीच अंतर जानता है। मैं आपको कुछ बता दूं एलिसिन यदि आप एक अमेरिकी नागरिक हैं और राष्ट्रीय सुरक्षा एजेंसी खुफिया जानकारी एकत्र करती है यानी रूसियों की बातचीत जो आपके द्वारा कही गई बातों की रिपोर्ट करती है तो क्या आपको लगता है कि अदालत में जाना और कहना उचित है क्या यह इस बात का सबूत है कि आपने कुछ गलत किया है इसीलिए एफबीआई को इसकी जांच करने में एक साल या उससे अधिक का समय लगेगा क्योंकि इसमें शामिल अमेरिकी नागरिकों को एक रूसी अधिकारी द्वारा रिपोर्ट की गई बातचीत से परे अदालत में सबूत पेश करने का अधिकार है। मेरी दुनिया में यह भेद काले और सफेद का है। यह एक कठिन रेखा है मैं जानता हूं कि यह अमेरिकी लोगों के लिए निराशाजनक है। लेकिन मुझे आशा है कि वे नहीं चाहेंगे कि सबूतों को एक रूसी अधिकारी द्वारा कही गई बात के रूप में देखा जाए और बस उस पर आपको दोषी ठहराया जा सकता है। यह। डब्ल्यूएफबी ट्विटर पर इयान हैनचेट को फॉलो करें,0,249,249
कहो तो प्रोटेक्शन में SPG लगा देंआतंकियों के बच्चों को भी सरकार ही पालेगी तो तुम ठेकेदार कब काम आओगे आतंक फैलाने के लिए फंडिंग आ सकती है तो इनके लिए क्यों नही आरही Real Face of AAP,0,38,38
यरूशलम के ग्रैंड मुफ्ती चित्रित मुहम्मद अहमद हुसैन ने शुक्रवार को दावा किया कि डोनाल्ड ट्रम्प की इजरायल में अमेरिकी दूतावास को यरूशलेम में स्थानांतरित करने की कथित योजना दुनिया भर के मुसलमानों पर हमले का प्रतिनिधित्व करती है। [हुसैन जो अल अक्सा मस्जिद में उपदेश देते हैं को फिलिस्तीनी प्राधिकरण के अध्यक्ष महमूद अब्बास द्वारा उनके पद पर नियुक्त किया गया था। मस्जिदें नियमित रूप से शुक्रवार की दोपहर की नमाज़ का इस्तेमाल इज़राइल के खिलाफ भड़काने के लिए करती हैं। हुसैन ने अपने उपदेश में कहा दूतावास को स्थानांतरित करने की प्रतिज्ञा सिर्फ फिलिस्तीनियों के खिलाफ नहीं बल्कि अरबों और मुसलमानों के खिलाफ हमला है जो चुप नहीं रहेंगे। ट्रम्प का नाम लिए बिना हुसैन ने दावा किया दूतावास का स्थानांतरण अंतरराष्ट्रीय चार्टर्स और मानदंडों का उल्लंघन करता है जो यरूशलेम को एक कब्जे वाले शहर के रूप में मान्यता देते हैं। ऐसा लगता है कि हुसैन फिलिस्तीनी नेताओं की प्रतिज्ञा को पूरा कर रहे हैं जिन्होंने इस सप्ताह की शुरुआत में शुक्रवार की प्रार्थनाओं का इस्तेमाल उन रिपोर्टों का विरोध करने के लिए किया था जिनमें कहा गया था कि ट्रम्प दूतावास को यरूशलेम में स्थानांतरित कर सकते हैं। इससे पहले आज यह खबर आई थी कि अब्बास ने इस महीने अमेरिकी व्यापारियों से मुलाकात की थी जिन्होंने कथित तौर पर उन्हें बताया था कि ट्रम्प दूतावास को यरूशलेम में स्थानांतरित करने के बारे में गंभीर थे। फिलिस्तीनी पूर्वी येरुशलम को अपनी भविष्य की राजधानी होने का दावा करते हैं। पिछले महीने अमेरिका की अनुपस्थिति ने संयुक्त राष्ट्र सुरक्षा परिषद के प्रस्ताव को पारित करने की अनुमति दी थी जिसमें वेस्ट बैंक और पूर्वी येरुशलम को फिलिस्तीनी क्षेत्रों पर कब्जा कहा गया था और उन क्षेत्रों में इजरायली निर्माण को रोकने की मांग की गई थी। यहूदी धर्म के कुछ सबसे पवित्र स्थल पूर्वी येरुशलम और वेस्ट बैंक में स्थित हैं जिनमें येरूशलम के पुराने शहर में पश्चिमी दीवार और टेम्पल माउंट हेब्रोन में पितृसत्ता और मातृसत्ताओं की गुफा शामिल है जो दुनिया में सबसे पुराने निरंतर यहूदी समुदाय का घर था। जब तक हेब्रोन के यहूदियों का नरसंहार नहीं किया गया और बेथलहम में राचेल के मकबरे और नब्लस में जोसेफ के मकबरे - बाइबिल शेकेम - को निष्कासित नहीं किया गया। आरोन क्लेन ब्रेइटबार्ट के येरुशलम ब्यूरो प्रमुख और वरिष्ठ खोजी रिपोर्टर हैं। वह न्यूयॉर्क टाइम्स के बेस्टसेलिंग लेखक हैं और लोकप्रिय सप्ताहांत टॉक रेडियो कार्यक्रम एरोन क्लेन इन्वेस्टिगेटिव रेडियो की मेजबानी करते हैं। ट्विटर पर उनका अनुसरण करें। उसे फेसबुक पर फ़ॉलो करें,0,409,409
लॉस एंजिलिस - व्यावसायिक नियम दिखाएं कभी भी किसी बच्चे को कम न आंकें। सप्ताहांत में अधिकांश बॉक्स ऑफिस विश्लेषकों ने भविष्यवाणी की कि ब्यूटी एंड द बीस्ट आसानी से उत्तरी अमेरिका में नंबर 1 फिल्म बनी रहेगी। एक चुनौतीकर्ता द बॉस बेबी को नकारात्मक समीक्षा मिली थी। लॉस एंजिल्स टाइम्स ने इसे बासी डायपर माना है। एक और नया आगमन घोस्ट इन द शेल व्हाइटवॉशिंग कास्टिंग विवाद में उलझने के बाद एक दावेदार के रूप में खारिज कर दिया गया था। लेकिन द बॉस बेबी - लुक हूज़ टॉकिंग की परंपरा में फैमिली गाइ से स्टीवी और हू फ़्रेम्ड रोजर रैबिट से बेबी हरमन - बेहद लोकप्रिय साबित हुए और ब्यूटी एंड द बीस्ट की बेले को पीछे छोड़ दिया। लगभग $49 मिलियन लें। फिल्म के वितरक 20वीं सेंचुरी फॉक्स के अनुसार तटों से दूर के सिनेमाघरों इंडियानापोलिस डेनवर में विशेष रूप से भारी भीड़ देखी गई। ड्रीमवर्क्स एनिमेशन द्वारा निर्मित द बॉस बेबी को बनाने और बाजार में लाने में कम से कम $200 मिलियन की लागत आई। इसने विदेशों में $59 मिलियन की अतिरिक्त कमाई की है। एलेक बाल्डविन राष्ट्रपति ट्रम्प के अपने सैटरडे नाइट लाइव चित्रण के लिए लोकप्रियता की लहर पर सवार होकर बच्चे को आवाज दी। ब्यूटी एंड द बीस्ट डिज़्नी की कमाई $47 थी। बॉक्स ऑफिस डेटा संकलित करने वाले कॉमस्कोर के अनुसार टिकट बिक्री में 5 मिलियन घरेलू स्तर पर कुल 395 मिलियन डॉलर और वैश्विक स्तर पर 876 मिलियन डॉलर की बिक्री हुई। तीसरे स्थान पर फ़िज़लिंग घोस्ट इन द शेल था जो शिरो मासमुने द्वारा जापानी मंगा का एक संस्करण था। इसने लगभग $19 मिलियन का संग्रह किया - कम से कम $150 मिलियन की उत्पादन और विपणन लागत को देखते हुए यह पर्याप्त नहीं है। घोस्ट इन द शेल ड्रीमवर्क्स पिक्चर्स और पैरामाउंट पिक्चर्स विदेशों में भी कमजोर थी जहां इसने लगभग 40 मिलियन डॉलर की कमाई की। मूल रूप से एक एशियाई अभिनेता द्वारा निभाई गई भूमिका में स्कारलेट जोहानसन को कास्ट करना एक गलती थी। मार्केटिंग शायद पैरामाउंट का एक और अभियान था जो देखने में आकर्षक था लेकिन पुराने पुरुष प्रशंसकों से परे फिल्म की अपील को बढ़ाने में विफल रहा। और फिल्म कई मायनों में एक मिशमैश थी जिसके कारण कमजोर समीक्षा और मौखिक प्रचार हुआ जैसा कि सिनेमास्कोर एग्जिट पोल से पता चलता है।,0,380,380
सीएनएन को फर्जी समाचार रिपोर्ट के लिए मुस्लिम माताओं द्वारा विरोध प्रदर्शन करने से इनकार करने के लिए मजबूर किया गया है क्योंकि कच्चे फुटेज से पता चलता है कि कार्यक्रम को कैमरे के लिए कोरियोग्राफ किया गया था। [वीडियो में एंडरसन और एक बड़ी टीम को ज्यादातर महिला प्रदर्शनकारियों को निर्देशित करते हुए दिखाया गया है जो पास के पुलिस कांस्टेबलों की निगरानी में एक-एक करके घेरे में दाखिल होती हैं। जैसे ही समूह दिखाई देता है उसके चारों ओर फूल बिछाए जाते हैं और ्यार जीतेगा और जैसे नारे लिखी मुद्रित तख्तियां फैलाई जाती हैं। चालक दल के सदस्यों द्वारा यह सुनिश्चित करने के बाद कि हर कोई अपनी जगह पर है एंडरसन ने अपनी रिपोर्ट यह कहते हुए शुरू की दर्शकों अब मैं आपको जो दिखाना चाहता हूं वह एक अद्भुत दृश्य है - मार्क एंट्रो जिन्होंने इसे फिल्माया था और अन्य दर्शकों की धीमी हंसी के साथ। यह अपमानजनक है। प्रचार करना। समाचार चैनलों द्वारा कोरियोग्राफी। https - रहीम 4 जून 2017 यहां मेरे चारों ओर मेरे पीछे सभी लोगों को देखो कल रात के बारे में दुखी लेकिन कल के लिए आशान्वित सामान्य रूप से अबू पत्रकार ने जारी रखा। “यहां बाईं ओर लंदनवासी मदद के लिए आए थे मेरे पीछे आप यहां एक संकेत देख सकते हैं हैशटैग प्यार की ओर मुड़ें हैशटैग लंदन के लिए हैशटैग आईएसआईएस हार जाएगा और उन लोगों की याद में फूल छोड़े गए जिन्होंने अपनी जान गंवाई। अमेरिकी मीडिया टिप्पणीकार रिचर्ड ग्रेनेल ने एक ट्विटर पोस्ट में इस दृश्य को बहुत परेशान करने वाला बताया जिसे बाद में राष्ट्रपति डोनाल्ड ट्रम्प के उप सहायक डॉ सेबेस्टियन गोर्का द्वारा पुनः प्रसारित किया गया। अन्य ऑनलाइन टिप्पणीकार जैसे कि पूर्व एलबीसी होस्ट केटी हॉपकिंस और लोकप्रिय ट्रम्प समर्थक माइक सेर्नोविच अधिक स्पष्टवादी थे। घड़ी। एक कथा लिख ​​रहा है। ठीक आपकी आंखों के सामने हॉपकिंस ने ट्वीट किया। सीएनएन ने फर्जी खबर बनाते हुए पकड़ा! सेर्नोविच ने ट्वीट किया। वे शांति समूह के मुद्रित कागजात और प्रॉप्स भी लाए। हालाँकि नेटवर्क ने पलटवार करते हुए अपनी जनसंपर्क टीम से कहा कि उनके कर्मचारियों ने कुछ भी गलत नहीं किया है। यह बकवास है। पुलिस ने प्रदर्शनकारियों को अपने संकेत दिखाने के लिए घेरे से बाहर जाने दिया। सीएनएन ने अन्य मीडिया के साथ मिलकर उन्हें ऐसा करते हुए फिल्माया। - सीएनएन इंटरनेशनल पीआर 5 जून 2017 यह बकवास है उन्होंने दावा किया। “पुलिस ने प्रदर्शनकारियों को अपने संकेत दिखाने के लिए घेरा के माध्यम से जाने दिया। सीएनएन ने अन्य मीडिया के साथ मिलकर उन्हें ऐसा करते हुए फिल्माया। ”,0,420,420
योगी जी पता नही आपको शर्म आती है या नही लेकिन छेदी यादव के 6 साल के मासूम नाति को आप पर बहुत शर्म आती है जिसे 30 रु रिश्वत न देने पर अपने घायल नाना का स्ट्रेचर खींचकर ले जाना पड़ता है आपकी सरकार में थोड़ी भी संवेदनशीलता हो तो इस मामले में कार्यवाही कीजिये।,0,56,56
रविवार को सीएनएन के स्टेट ऑफ द यूनियन पर जेक टैपर ने मेडिकेड से अमेरिकी स्वास्थ्य देखभाल अधिनियम में कटौती पर स्वास्थ्य सचिव टॉम प्राइस पर दबाव डाला। एक्सचेंज की शुरुआत टाॅपर के पूछने के साथ हुई “कांग्रेस के बजट कार्यालय के अनुसार स्वास्थ्य देखभाल बिल जो अभी सदन में पारित हुआ है मेडिकेड से दस वर्षों में 880 बिलियन डॉलर की कटौती करेगा। मुझे पता है कि ट्रम्प प्रशासन इस बात से उत्साहित है कि मेडिकेड उन राज्यों में वापस जाएगा जहां उनके पास अधिक नियंत्रण है और प्रयोग कर सकते हैं और अधिक कुशल हो सकते हैं लेकिन बिना किसी संदेह के $880 बिलियन कम डॉलर की कटौती है। यह टूटा हुआ वादा कैसे नहीं है” प्राइस ने उत्तर दिया “मेडिकेड के वादे को देखें जो कार्यक्रम अभी हमारे पास है और जिन चिकित्सकों को मेडिकेड रोगियों को देखना चाहिए वे नहीं हैं। कार्यक्रम में एक दोष है एक ऐसी प्रणाली की कल्पना करें जो मरीजों के लिए बेहतर काम करे। मेडिकेड विकलांगों बुजुर्गों स्वस्थ माताओं और बच्चों से संबंधित है। और फिर भी संघीय सरकार ने राज्यों से कहा है कि अब तक आपको प्रत्येक व्यक्ति के साथ एक जैसा व्यवहार करना होगा। इससे किसी को कोई मतलब नहीं है तो हम जो बना रहे हैं वह एक ऐसी प्रणाली है जो राज्यों को उस मेडिकेड कार्यक्रम को उन विशिष्ट व्यक्तियों के लिए तैयार करने की अनुमति देगी जो पैसे बचाते हैं लेकिन वर्तमान की तुलना में उच्च स्तर की देखभाल भी करते हैं। ऐसा लगता है जैसे यह बहुत मायने रखता है। ट्विटर पर पाम की को फॉलो करें,0,263,263
सुशांत केस की जाँच CBI के बजाय अगर UP पुलिस करती तो अब तक रिया के रिश्तेदार उसकी तेरही का भोज खाकर अपने घरों को लौट चुके होते,0,28,28
डोनाल्ड जे ट्रम्प को आधिकारिक तौर पर सोमवार को मिशिगन में राष्ट्रपति चुनाव का विजेता घोषित किया गया क्योंकि वहां और दो अन्य राज्यों में पुनर्मतगणना की मांग की गई थी। मिशिगन बोर्ड ऑफ स्टेट कैनवसर्स ने 8 नवंबर के लगभग तीन सप्ताह बाद घोषणा की श्री ट्रम्प एक रिपब्लिकन ने राज्य में अपने डेमोक्रेटिक प्रतिद्वंद्वी हिलेरी क्लिंटन को 10704 वोटों से हराया या एक चौथाई प्रतिशत से भी कम वोटों से। चुनाव। यदि परिणाम बरकरार रहते हैं तो उनके इलेक्टोरल कॉलेज वोट की कुल संख्या 306 हो जाएगी जो जीतने के लिए आवश्यक 270 से काफी अधिक है। श्रीमती क्लिंटन के पास 232 हैं। मिशिगन ने श्री ट्रम्प के कुल में 16 चुनावी वोटों का योगदान दिया। मिशिगन में उनकी जीत की खबर तब आई जब ग्रीन पार्टी की उम्मीदवार जिल स्टीन ने कहा कि उन्होंने दो अन्य राज्यों में पुनर्मतगणना के बाद वहां पुनर्मतगणना कराने की योजना बनाई है। एसोसिएटेड प्रेस के अनुसार विस्कॉन्सिन के अधिकारियों ने सोमवार को पुनर्मतगणना के लिए एक समयसीमा को मंजूरी दे दी और सुश्री स्टीन भी पेंसिल्वेनिया में पुनर्मतगणना के लिए मुकदमा कर रही हैं। श्री ट्रम्प ने तीनों राज्यों में कुल मिलाकर लगभग 100000 वोटों से जीत हासिल की।,0,198,198
RT आज उन सभी युवा बेरोजगार साथियों का धन्यवाद जिन्होंने े9मिनट हैशटैग को वर्ल्ड वाइड ट्रेंड करवाया सरकार की नाकामी को पूरे…,0,22,22
तेल अवीव - यरूशलेम में आज के घातक आतंकवादी हमले का समय शिक्षाप्रद हो सकता है। [यह हमला पूर्वी येरुशलम के पड़ोस में आर्मोन हनात्ज़िव जिसे पूर्वी तलपियट के नाम से भी जाना जाता है में किया गया संयुक्त राष्ट्र सुरक्षा परिषद द्वारा पूर्वी येरुशलम को अधिकृत फ़िलिस्तीनी क्षेत्र घोषित किए जाने के तीन सप्ताह से भी कम समय बाद हुआ है। यह सेक्रेटरी ऑफ स्टेट जॉन केरी के मध्यपूर्व नीति भाषण का अनुसरण करता है जिसमें उन्होंने बातचीत की अनुपस्थिति के लिए बड़े पैमाने पर इज़राइल को दोषी ठहराया था जबकि फिलिस्तीनियों ने कई राज्य प्रस्तावों के साथ-साथ प्रधान मंत्री बेंजामिन नेतन्याहू द्वारा वार्ता शुरू करने के प्रयासों को अस्वीकार कर दिया है और उन्होंने बार-बार इजरायली समझौते की आलोचना की थी। निर्माण पूर्वी यरूशलेम सहित। विशेष रूप से आज के हमले की विदेश विभाग की निंदा में आतंकवादी हमले के स्थान को पूर्वी यरुशलम के बजाय यरूशलेम बताया गया। आज का पूर्वी जेरूसलम ट्रक आतंक फ़िलिस्तीनियों के एक हास्यास्पद पेरिस शांति सम्मेलन में भाग लेने के लिए निर्धारित होने से एक सप्ताह पहले आता है जिसमें इज़राइल को छोड़कर अंतर्राष्ट्रीय समुदाय फ़िलिस्तीनी राज्य के भविष्य के मापदंडों को निर्धारित करने के लिए एक साथ आने वाला है। विदेश मंत्री ज़िपी होटोवेली का आज के नरसंहार को पेरिस शिखर सम्मेलन से जोड़ना सही था। होटोवेली ने कहा दुनिया को पेरिस में होने वाले शांति सम्मेलन के लिए फिलिस्तीनियों से स्पष्ट जवाब मिला है अधिक आतंक। “मैं फिर से अंतर्राष्ट्रीय समुदाय से आतंक और इसके प्रति शिक्षा उद्योग को समाप्त करने की मांग करने का आह्वान करता हूं। “फिलिस्तीनियों का इजरायल पर शांति वार्ता या अंतरराष्ट्रीय दबाव का जवाब इजरायलियों को निशाना बनाने वाले आतंकवादी अभियान के साथ देने का एक लंबा और घिनौना इतिहास है। कट्टर आतंकवादी यासर अराफात ने उस रणनीति को तब दोहराया जब उसने सितंबर 2000 में फिलीस्तीनी राज्य को स्वीकार करने या यहां तक ​​​​कि एक जवाबी प्रस्ताव देने के बजाय घातक दूसरा इंतिफादा लॉन्च करके उदार इजरायली राज्य की पेशकश का जवाब दिया। पिछले महीने के संयुक्त राष्ट्र प्रस्ताव के कुछ घंटों से भी कम समय के भीतर मैंने वेस्ट बैंक और पूर्वी येरुशलम में यहूदियों को निशाना बनाकर फिलिस्तीनी आतंकवादी हमलों में तत्काल वृद्धि देखी ये वही क्षेत्र हैं जहां संयुक्त राष्ट्र के दस्तावेज़ में इजरायली निर्माण को उजागर किया गया था। मैंने उस समय लिखा था कि यह बताना जल्दबाजी होगी कि क्या हिंसा संयुक्त राष्ट्र में वोट के बाद फिलिस्तीनी आतंकवाद में वृद्धि का प्रतिनिधित्व करती है या क्या ये घटनाएं उस प्रवृत्ति का हिस्सा थीं जिसे फिलिस्तीनी आतंक की लहर के रूप में जाना जाता है जो बढ़ती और फिर धीमी हो जाती है। आज के ट्रक आतंक के साथ हम इज़राइल पर बढ़ते अंतरराष्ट्रीय दबाव के प्रति फ़िलिस्तीनी प्रतिक्रिया को अधिक स्पष्ट रूप से देख सकते हैं। आरोन क्लेन ब्रेइटबार्ट के येरुशलम ब्यूरो प्रमुख और वरिष्ठ खोजी रिपोर्टर हैं। वह न्यूयॉर्क टाइम्स के बेस्टसेलिंग लेखक हैं और लोकप्रिय सप्ताहांत टॉक रेडियो कार्यक्रम एरोन क्लेन इन्वेस्टिगेटिव रेडियो की मेजबानी करते हैं। ट्विटर पर उनका अनुसरण करें। उसे फेसबुक पर फ़ॉलो करें,0,501,501
दिसंबर की शुरुआत में जारी फोर्ब्स की 40 वर्ष से कम उम्र के सबसे अमीर उद्यमियों की सूची में जगह बनाने वाले आधे से अधिक लोग कैलिफोर्निया के खाड़ी क्षेत्र में रहते हैं। [चयनित 40 लोगों में से 25 सैन फ्रांसिस्को या सिलिकॉन वैली में रहते हैं जिनमें 32 वर्षीय फेसबुक सीईओ मार्क जुकरबर्ग भी शामिल हैं जो 50 अरब डॉलर की संपत्ति के साथ सूची में शीर्ष पर हैं। बे एरिया के अन्य करोड़पतियों और अरबपतियों में ऐसे व्यक्ति शामिल हैं जिन्होंने अपनी संपत्ति स्टार्टअप्स और एयरबीएनबी स्नैपचैट इंस्टाग्राम ड्रॉपबॉक्स पिनटेरेस्ट स्ट्राइप और ड्रॉपबॉक्स जैसे प्लेटफार्मों से अर्जित की है। सैन फ्रांसिस्को क्रॉनिकल बताता है हालांकि फोर्ब्स के राउंडअप में रहने वाले कई लोग यहीं इस क्षेत्र में हैं न तो सूची में शामिल होने वाले सबसे कम उम्र के लोग ओकुलस वीआर के संस्थापक पामर लक्की और न ही सबसे बुजुर्ग मेवेदर यहां रहते हैं। बल्कि दौड़ में शामिल करोड़पति और अरबपति बड़े पैमाने पर निवेश कंपनियों सोशल मीडिया नेटवर्क और वित्तीय सेवाओं के संस्थापक हैं। फोर्ब्स ने नोट किया है कि आयरिश प्रौद्योगिकी कंपनी स्टाइप के अध्यक्ष जॉन कॉलिसन दुनिया के सबसे कम उम्र के अरबपति हैं। वह स्नैपचैट के सह-संस्थापक और सीईओ इवान स्पीगल से दो महीने छोटे हैं जिनकी उम्र भी 26 साल है। इसके अलावा स्ट्राइप के सीईओ पैट्रिक कॉलिसन 28 और स्नैपचैट के सह-संस्थापक बॉबी मर्फी 28 कथित तौर पर 30 साल से कम उम्र के दुनिया के एकमात्र अन्य अरबपति हैं। सूची में शामिल अन्य लोगों में शामिल हैं - धन के आधार पर कालानुक्रमिक क्रम में - बास्केटबॉल खिलाड़ी और उद्यम पूंजीपति कोबे ब्रायंट 38 अभिनेत्री और ईमानदार कंपनी की जेसिका अल्बा 35 मुक्केबाज और उद्यमी फ्लॉयड मेवेदर 39 मनोरंजनकर्ता और पार्कवुड एंटरटेनमेंट के संस्थापक बेयोंसे नोल्स 35 और बास्केटबॉल खिलाड़ी लेब्रोन जेम्स 32। सूचीबद्ध लोगों में से छह ने अपनी संपत्ति का कम से कम कुछ हिस्सा फेसबुक से बनाया था। फोर्ब्स का कहना है कि इस सूची के लिए पात्र होने के लिए व्यक्तियों को 12 दिसंबर तक 40 वर्ष से कम उम्र का होना चाहिए यूएस में रहना चाहिए और इस देश में काफी हद तक अपनी किस्मत बनानी चाहिए। ट्विटर और पेरिस्कोप पर एडेल नाज़ेरियन को फ़ॉलो करें,0,361,361
जब किसी भी सिस्टम में इतने व्यापक बदलाव होते हैं तो कुछ शंकाएं-आशंकाएं स्वाभाविक ही हैं। माता-पिता को लगता होगा कि अगर इतनी आज़ादी बच्चों को मिलेगी अगर Stream खत्म हो जाएंगी तो आगे कॉलेज में उनको दाखिला कैसे मिलेगा करियर का क्या होगा PM,0,45,45
बीएसएनल को 4जी किया या नहीं जिओ एयरटेल को लाभ पहुंचाने के लिए खुलेआम लूट की खेल हो रही है मैं प्राइवेट नेटवर्क को पेमेंट करती हूं आत्मा दुखी हो जाती है मैं यह जानते हुए पेमेंट करती हूं पैसा करप्शन की भेंट चढ़ रही है सरकारी नेटवर्क को पेमेंट करती पैसा वापस अपने पास आती,0,56,56
सुनिए क्या कहना है उस मेडिसिन स्टोर के मालिक का जहाँ से सुशांत ने खरीदी थी दवाइयां देखिये की ये रिपोर्ट,0,21,21
यहां एक प्रश्न है जो एक वास्तविक हैरी पॉटर प्रशंसक को बाकी मुगलों से अलग करता है जो सोचते हैं कि यह सब केवल जादुई बकवास का एक समूह है क्या आपका संरक्षक साइबेरियाई बिल्ली बगुला या बैसेट शिकारी कुत्ता है संरक्षक आकर्षण एक आध्यात्मिक जानवर और एक आकर्षण के बीच का मिश्रण हैरी पॉटर विद्या के कई हिस्सों में से एक है जिस पर प्रशंसक बहस करना जारी रखते हैं और पहली पुस्तक प्रकाशित होने के लगभग दो दशक बाद भी जश्न मनाते हैं। इससे बॉय विजार्ड की निर्माता जेके राउलिंग को अपनी जादुई दुनिया को एक बेहतरीन मार्केटिंग मशीन में बदलने के लिए काफी समय मिल गया है। गुरुवार को उस मशीन ने एकमात्र प्रामाणिक पैट्रोनस अनुभव प्रदान किया जिससे सुश्री राउलिंग की निश्चित प्रशंसक साइट पॉटरमोर के आगंतुकों को एक प्रश्नोत्तरी लेने और यह देखने की अनुमति मिली कि उनका अनुभव क्या होगा। 3डी एनीमेशन के साथ निर्मित और स्वयं सुश्री राउलिंग द्वारा लिखित परीक्षण ने ऑनलाइन प्रशंसकों को तुरंत उत्साहित कर दिया जिन्होंने अपने परिणाम साझा करने के लिए सोशल मीडिया मंत्र का उपयोग किया। ट्विटर डॉल्फ़िन पोलकैट आर्डवार्क और आयरिश वुल्फहाउंड से भरे एक चिड़ियाघर में बदल गया। कुछ बहुत ही प्रशंसकों ने साथ खेला। जादूगर दुनिया में कितने संभावित संरक्षक हैं यह जानने का कोई तरीका नहीं है। इस लेखक का संरक्षक एक बैसेट हाउंड है। संपादक का संरक्षक एक साइबेरियाई बिल्ली है। सुश्री राउलिंग का एक बगुला है। पॉटरमोर में सुश्री राउलिंग और उनके कर्मचारियों ने संकेत दिया यह कुछ रहस्यमयी वायरल मार्केटिंग के साथ। एक दिन पहले पॉटरहेड्स पॉटरमोर द्वारा भेजे गए एक रहस्यमय ट्वीट को लेकर बेचैन थे जिसमें एक पूरी तरह से अंधेरी छवि दिखाई गई थी जिसके बाद एक अंधेरे जंगल की तस्वीरें थीं। लेकिन पॉटर के जुनूनी लोगों को मूर्ख बनाना कठिन है अधिकांश प्रशंसकों ने तुरंत अनुमान लगा लिया कि क्या हो रहा है।,0,307,307
रेडियो मंगलवार 22 नवंबर 2016 नील टोलफ्री द्वारा एनएचएस रोगियों को यह साबित करने के लिए कि वे ब्रिटिश हैं उन्हें एक कप चाय बनानी होगी तीन पागलपन के गाने बताने होंगे और खूब पीना होगा स्वास्थ्य विभाग के एक शीर्ष सिविल सेवक ने कहा है कि स्वास्थ्य पर्यटन को रोकने के लिए नए नियमों में सभी संभावित एनएचएस रोगियों को यह साबित करने के लिए एक परीक्षण पास करना होगा कि वे ब्रिटिश हैं। साइमन विलियम्स ने एक कॉमन्स समिति को बताया कि यह एक विवादास्पद कदम था लेकिन उन सभी भयानक विदेशियों को बाहर रखना उचित था। श्री विलियम्स ने कहा एनएचएस के पास एक भयानक समस्या है कि भयानक विदेशियों को जानबूझकर कैंसर हो रहा है ताकि वे आ सकें और महान ब्रिटिश अस्पतालों में करी खा सकें और शिकायत कर सकें कि क्रिसमस की सजावट उन्हें कैसे अपमानित करती है। जाहिर है प्राथमिकता इस तरह के लोगों को वापस भेजने की है जहां से वे आते हैं ताकि वे किसी भी सभ्य ब्रिटिश लोगों को परेशान किए बिना मर सकें। उपचार से पहले किसी भी एनएचएस अस्पताल में पहुंचने पर ब्रिटिशनेस की परीक्षा आधे घंटे की लिखित परीक्षा और पंद्रह मिनट की व्यावहारिक परीक्षा का रूप लेगी। परीक्षा में पेस्टीज़ जेम्स रॉबर्टसन जस्टिस की फ़िल्मों और गॉड सेव द क्वीन की तीसरी कविता को लिखने की आवश्यकता पर प्रश्न शामिल होंगे। प्रैक्टिकल में एक उचित कप चाय बनाना और कई पिंट लेगर पीने से पहले एक कबाब खाना और एक पुलिसकर्मी को चांद लगाने से पहले यौन दमन करना शामिल होगा। प्रत्येक शुक्रवार को अपने मेलबॉक्स में सर्वश्रेष्ठ न्यूज़थम्प कहानियाँ मुफ़्त में प्राप्त करें! वहां पर अभी,1,271,271
क्या इसलिए nd 4wks किसी को लगता है कि दिल्ली पुलिस अपना काम कर रही है तो वो अपनी गलतफहमी इस वीडियो को देख कर दूर कर Question the ones who r 2b questioned Media do your job ।,1,39,39
जॉर्डन का दावा है कि अमेरिकी वाहन गेट पर रुकने में विफल रहा जेसन डिट्ज़ द्वारा 04 नवंबर 2016 इसे साझा करें जॉर्डन में एक प्रशिक्षण अभियान के लिए नियुक्त तीन अमेरिकी सैनिकों को आज जॉर्डन के सैनिकों ने अल-जाफ़र एयर बेस पर मार डाला जब बेस सुरक्षा ने गेट के पास उन पर गोलियां चला दीं। इस घटना में जॉर्डन के एक सैनिक के घायल होने की भी खबर है। सहयोगियों द्वारा अमेरिकी सैनिकों की हत्या की अन्य हालिया घटनाओं के विपरीत इस घटना को दुष्ट तत्वों द्वारा घुसपैठ तक नहीं ठहराया गया था। बल्कि जॉर्डन के अधिकारियों ने अमेरिकी सैनिकों को दोषी ठहराया और दावा किया कि उनका वाहन हवाई अड्डे के गेट पर रुकने में विफल रहा और सुरक्षा ने प्रतिक्रिया व्यक्त की। पेंटागन ने इस मामले पर थोड़ा कम रुख अपनाया और कहा कि वे निश्चित रूप से नहीं कह सकते कि यह अमेरिकी सैनिकों को मारने का जानबूझकर किया गया प्रयास था या किसी प्रकार की गलतफहमी थी। उनका कहना है कि वे अधिक जानकारी जुटाने के लिए जॉर्डन सरकार के साथ काम कर रहे हैं। सीरियाई विद्रोहियों को प्रशिक्षित करने के लिए जॉर्डन में अमेरिकी प्रशिक्षक मौजूद हैं यह अभियान वर्षों से चल रहा है। पिछले साल नवंबर में एक अन्य घटना में दो अमेरिकी ठेकेदारों की मौत हो गई थी जिसमें एक पुलिस अधिकारी ने उन पर गोली चला दी थी जेसन डिट्ज़ द्वारा अंतिम 5 पोस्ट,1,234,234
नेटफ्लिक्स ने इस सप्ताह मानव जाति की नींद की आवश्यकता को अपने प्राथमिक प्रतिद्वंद्वी के रूप में पहचाना और इसे कंपनी का सबसे बड़ा दुश्मन करार दिया। [आप जानते हैं इसके बारे में सोचें जब आप नेटफ्लिक्स का कोई शो देखते हैं और आप इसके आदी हो जाते हैं तो आप देर रात तक जागते हैं नेटफ्लिक्स के सीईओ रीड हेस्टिंग्स ने घोषणा की। “हम हाशिये पर नींद से प्रतिस्पर्धा कर रहे हैं। और इसलिए यह समय का एक बहुत बड़ा भंडार है। “नींद मेरी सबसे बड़ी दुश्मन है।” - नेटफ्लिक्स यूएस 17 अप्रैल 2017 मंगलवार को नेटफ्लिक्स का दावा है कि उनका प्राथमिक प्रतिद्वंद्वी नींद है यह तब और भी पुख्ता हो गया जब यह पता चला कि यह प्लेटफॉर्म संयुक्त राज्य अमेरिका में वयस्कों द्वारा बिताए गए इंटरनेट स्ट्रीमिंग समय का लगभग आधा हिस्सा लेता है। स्ट्रीमिंग प्रतिस्पर्धी बहुत पीछे रह गए यूट्यूब 15 प्रतिशत हुलु 8 प्रतिशत और अमेज़ॅन केवल 4 प्रतिशत पर रहा। एक्सियोस ने मंगलवार को दावा किया नेटफ्लिक्स की सदस्यता वृद्धि धीमी हो सकती है लेकिन ऐसा इसलिए है क्योंकि इसका उपयोगकर्ता आधार यूएस प्रति नील्सन में काफी संतृप्त है। “नेटफ्लिक्स यूएस के 512% परिवारों के लिए उपलब्ध है जो इसके सब्सक्रिप्शन प्रतिद्वंद्वियों से कहीं अधिक है। अमेज़ॅन प्राइम 286% यूएस घरों में उपलब्ध है और हुलु प्लस 127% यूएस घरों में उपलब्ध है। नेटफ्लिक्स उपयोगकर्ता जुड़ाव में अपने प्रतिस्पर्धियों पर एक बड़ी बढ़त हासिल करने में सक्षम रहा है अमेज़ॅन को 10 गुना और यूट्यूब को पीछे छोड़ दिया है। 3x द्वारा चार्ली नैश ब्रेइटबार्ट टेक के लिए एक रिपोर्टर हैं। आप उन्हें ट्विटर पर फ़ॉलो कर सकते हैं या फ़ेसबुक पर उनके पेज को लाइक कर सकते हैं।,1,276,276
बूम पाय वीडिय पुलिस द्वार मॉक ड्रिल है।,1,8,8
अगला पिछला स्वाइप बाएं/दाएं न्यायाधीशों को भूल जाइए ट्विटर कुछ सच्चे लोगों के दुश्मन का सुझाव दे रहा है जबकि सन एक्सप्रेस और डेली मेल जैसे अखबारों ने उच्च न्यायालय के न्यायाधीशों को लेबल किया है जिन्होंने फैसला सुनाया कि केवल संसद ही अनुच्छेद 50 को लोगों के दुश्मन के रूप में लागू कर सकती है। लोग ट्विटर कुछ विकल्प सुझा रहा है - यहां 12 वास्तविक खलनायक हैं जो सभी के लिए दुनिया को बर्बाद कर रहे हैं। 1 - जेम्मा लक 4 नवंबर 2016 2 - कैरिना ओरेली 4 नवंबर 2016 3 - केन शैबी 4 नवंबर 2016 4 - TheCobrasConk 4 नवंबर 2016 5 जो लोग 10 मिनट तक इंतजार करने के बावजूद चेकआउट पर भुगतान करने के लिए कहा जाता है तो वे अपना बटुआ ढूंढने लगते हैं। ोगों के दुश्मन - 48% स्तन 4 नवंबर 2016 6,1,142,142
शून्य टिप्पणियां एक बुजुर्ग महिला के साथ जो हुआ उसकी कहानी ऑनलाइन प्रसारित की जा रही है जो एक एयरलाइन की उड़ान के दौरान अपनी बाइबिल पढ़ रही थी। यह अज्ञात है कि महिला और उसके बगल में बैठे मुस्लिम पुरुष के बीच बातचीत कब और कहां हुई लेकिन जब एक फ्लाइट अटेंडेंट ने हस्तक्षेप किया तो जो हुआ वह वायरल हो गया यह कहानी अप्रामाणिक हो सकती है प्रामाणिकता के अभाव में इसे सच मानकर व्यापक रूप से प्रसारित किया जा रहा है हालाँकि यह तथ्य कि यह वायरल हो गया है इस तथ्य को बयां करता है कि हमारी संस्कृति पूरी तरह से प्रगतिशील मानसिकता से तंग आ चुकी है कि कट्टरपंथी इस्लामी प्रभाव का स्वागत किया जाना चाहिए। अगर आपको लगता है कि इस स्थिति में फ्लाइट अटेंडेंट की प्रतिक्रिया सही थी तो इस कहानी को साझा करें!,1,141,141
बूम पाय मूल कार्टून प्रियंक गांध वाड्र के राजनीत आन स्वागत किय गय,1,13,13
टिप्पणियाँ अभिनेता स्टीवन सीगल सिर्फ अमेरिका के लिए खड़े हुए हैं जबकि बाकी हॉलीवुड चुप है। यह सप्ताह हमारे देश के लिए कठिन रहा है। सबसे पहले डेमोक्रेटिक उम्मीदवार हिलेरी क्लिंटन 9/11 स्मारक पर गिर गईं। फिर उन्होंने लाखों मेहनती अमेरिकियों को निंदनीय कहा। जैसे कि यह पर्याप्त नहीं था पूरे देश में एनएफएल खिलाड़ी अमेरिकी ध्वज का अनादर कर रहे हैं। कहने की जरूरत नहीं है सीगल के पास बहुत कुछ था। सीगल ने ट्वीट किया मुझे लगता है कि राज्य सचिव के रूप में सबसे महत्वपूर्ण काम यह सुनिश्चित करना है कि हमारे लोग मारे न जाएं। “यदि आप ऐसा नहीं कर सकते हैं [email protected] “निमोनिया हो या न हो वह अमेरिकी लोगों के लिए विनाशकारी होने जा रहा है।” उन्होंने जारी रखा। बेशक सीगल अपनी टिप्पणियों के लिए जल्दी ही उदारवादियों की आग का निशाना बन गए लेकिन उन्होंने टूटने से इनकार कर दिया। खासकर उन्हें तब हार का सामना करना पड़ा जब एक ट्विटर उपयोगकर्ता ने यह तर्क देने की कोशिश की कि हिलेरी राष्ट्रपति पद के लिए सबसे सक्षम हैं। काबिल अमेरिकियों को मरने के लिए छोड़ने में सक्षम। कानून की अवहेलना करने में सक्षम बलात्कार पीड़िताओं का अपमान करने में सक्षम उन्होंने तर्क दिया। इसके बाद उन्होंने संयुक्त राज्य अमेरिका में नस्ल संबंधों और इस देश के सामाजिक विकास में राष्ट्रपति बराक ओबामा की वास्तविक भूमिका को संबोधित किया। “ओबामा संयुक्त राज्य अमेरिका में नस्ल संबंधों के लिए निराशाजनक रहे हैं। ्य हमें ईमानदार बातचीत शुरू करने की जरूरत है उन्होंने लिखा। सीगल ने हर जगह उदारवादियों से मिल रहे हमलों की विडंबना की ओर इशारा करते हुए निष्कर्ष निकाला। उन्होंने ट्वीट किया दुनिया की सबसे अच्छी बातस्वतंत्रता के बारे में एक बयान देना और हर डेमो पर हमला होना ाइपोक्रिटिकल। जिस अमेरिका में व्हाइट हाउस में कोई डेमोक्रेट नहीं है वह एक सुरक्षित अमेरिका है। आप सीगल की टिप्पणियों के बारे में क्या सोचते हैं,1,313,313
आरबीआई द्वारा बैंक ऑफ चाइना की ब्रांच भारत में शुरू करने की अनुमति को भारत-चीन सीमा विवाद और बॉयकॉट चाइना कैम्पेन से जोड़कर शेयर किया जा रहा है।,1,28,28
0 टिप्पणी जोड़ें ओसीआई की त्रुटिहीन बुलेटप्रूफ अखंडता को झटका देते हुए टैब्लॉयड फोटोग्राफरों ने परिषद के मुख्यालय से बाहर निकलते चूहों की भीड़ को देखा क्योंकि आज सुबह इसकी नींव धरती में धंसने लगी थी। आयरलैंड की ओलंपिक परिषद ने रियो खेलों के समापन के बाद के हफ्तों में जनता की चेतना के विशाल अंतराल में वापस लौटने का आनंद लिया था हालांकि खबर है कि कृंतकों की भीड़ अब हाउथ में अपने मुख्यालय को रहने के लिए एक सुरक्षित जगह नहीं मानती है इसका मतलब वापसी है पहले पन्ने पर “चूहे आमतौर पर इसे खतरे का पहला संकेत मानते हैं। वास्तव में इससे अधिक चतुर जानवर कोई नहीं है जो यह समझ सके कि कब बोल्ट लगाने और फिर कभी न देखे जाने का समय आ गया है खैर वे उस मोर्चे पर जॉन डेलाने के बाद दूसरे स्थान पर हैं लेकिन इसके अलावा किसी के पास इस चीज़ के लिए बेहतर नाक नहीं है कृंतक विशेषज्ञ माइकल पेस्ट ने WWN के साथ साझा किया। ओसीआई के एक अंदरूनी सूत्र ने पुष्टि की शिट और आप पैट हिक्की और उस सभी चीजों के बारे में लगभग भूल गए थे जहाज अपने आप सही हो गया था क्योंकि उसने परिसर से पानी निकालने के लिए एक बाल्टी का इस्तेमाल किया था क्योंकि पानी धीरे-धीरे पास के समुद्र में जा रहा था। वरिष्ठ ओसीआई सदस्यों ने हाल ही में सितंबर में पुष्टि की थी कि उनके संगठन का पाठ्यक्रम शांत पानी के लिए किराए पर लिया गया था लेकिन चूहों को लगता है कि जहाज इस दुनिया के लिए लंबे समय तक नहीं है जिससे ताजा घबराहट पैदा हो गई है। हाल के दिनों में जॉन डेलाने और केविन किल्टी ओसीआई से उतर गए हैं क्योंकि इसमें पानी का स्तर खतरनाक बना हुआ है। डेलाने ने कथित तौर पर अपने त्याग पत्र में कहा अगर मैं इतने लंबे समय तक तुम्हारे साथ रहूंगा और डूबता रहूंगा तो मुझे धोखा दिया जाएगा।,1,321,321
यूट्यूब से सुशांत सिंह राजपूत के लीड रोल वाले सीरियल ‘पवित्र रिश्ता’ के सभी एपिसोड डिलीट कर दिए गए हैं। साथ ही ओटीटी प्लेटफॉर्म से भी एमएस धोनी एन अनटोल्ड स्टोरी समेत सुशांत की सभी फिल्मों को इंटरनेट से हटाए जाने का भी दावा किया जा रहा है।,1,48,48
टेक्सास के रिपब्लिकन सीनेटर टेड क्रूज़ ने बुधवार की स्टॉर्म कांग्रेस रैली में सैकड़ों टी पार्टी कार्यकर्ताओं को स्पीकर पॉल रयान आर द्वारा स्वास्थ्य बीमा बाजारों को स्थिर करने के लिए बनाए गए अमेरिकी स्वास्थ्य देखभाल अधिनियम के खिलाफ खड़ा किया न कि 2010 के रोगी संरक्षण को रद्द करने के लिए और किफायती देखभाल अधिनियम ओबामाकेयर। [“ठंड का सामना करने के लिए धन्यवाद और स्वतंत्रता के लिए खड़े होने और लड़ने के लिए धन्यवाद” क्रूज़ ने कहा जो वक्ताओं की सूची में थे जिसमें सेन रैंड पॉल आर जेनी बेथ मार्टिन - टी के नेता शामिल थे। पार्टी देशभक्त - और हाउस फ्रीडम कॉकस के सदस्य। रैली का आयोजन टी पार्टी और रूढ़िवादी कार्यकर्ताओं के लिए नीति और लॉजिस्टिक्स केंद्र फ्रीडमवर्क्स द्वारा किया गया था। समारोह के मास्टर एक्सएमसिरियस रेडियो शो द विल्को मेजोरिटी के मेजबान एंड्रयू विल्को थे। नवंबर में डेमोक्रेट हैरान थे मीडिया हैरान था - हालांकि मैं खुद को दोहराता हूं और इस देश भर में लाखों अमेरिकियों ने खड़े होकर कहा बहुत हो गया और हमारे पास बदलाव के लिए जनादेश है। क्रूज़ ने कहा कि रिपब्लिकन ने छह साल से अधिक समय तक वादा किया था कि यदि मतदाताओं ने उन्हें सदन सीनेट और व्हाइट हाउस का नियंत्रण दिया तो जीओपी ओबामाकेयर को रद्द कर देगी। उन्होंने कहा अब जीओपी कांग्रेस और व्हाइट हाउस को नियंत्रित करती है। “अच्छा तुम्हें पता है क्या हमारे पास कोई बहाना नहीं है। बातचीत का समय ख़त्म हो चुका है अब कार्रवाई का समय है। रैली के बाद फ्रीडमवर्क्स के कर्मचारी कार्यकर्ताओं की टीमों को कांग्रेसियों और सीनेटरों के साथ बैठकों में ले गए जहां उन्होंने स्पीकर पॉल रयान आर द्वारा तैयार किए गए बिल - अमेरिकन हेल्थ केयर एक्ट या रयानकेयर के बजाय ओबामाकेयर को पूरी तरह से निरस्त करने की वकालत की रयानकेयर बिल 2010 के रोगी संरक्षण और किफायती देखभाल अधिनियम या ओबामाकेयर को निरस्त या प्रतिस्थापित नहीं करता है। बल्कि यह अपनी संरचना और कार्यक्रमों को यथास्थान रखता है। विधेयक के केंद्र में बीमा कंपनियों द्वारा प्रशासित कार्यक्रम के रूप में व्यक्तिगत अधिदेश को संरक्षित करके और मेडिकेड में कटौती करके बीमा कंपनियों को प्रदान किया जाने वाला समर्थन है। मेडिकेड के विस्तार ने लाखों कम आय वाले बीमा ग्राहकों को निजी बाजार से बाहर खींच लिया जिससे बीमा कंपनियों के लिए व्यावसायिक स्थितियों में भारी बदलाव आया। अब जब अमेरिकी स्वास्थ्य देखभाल अधिनियम ने हाउस बजट कमेटी को पारित कर दिया है तो बिल हाउस रूल्स कमेटी के सामने है जिसे हाउस फ्लोर पर बिल की बहस के लिए शर्तें प्रदान करने का काम सौंपा गया है। जैसा कि रयानकेयर ने तरीकों और साधनों ऊर्जा और वाणिज्य और बजट समितियों के माध्यम से आगे बढ़ाया यह स्पीकर के कार्यालय द्वारा 6 मार्च को शाम 6 बजे पोस्ट किए गए सटीक पाठ से अपरिवर्तित रहा। एम। नियम समिति सदन के पटल पर संशोधनों की अनुमति देती है या नहीं यह संकेत देगा कि स्पीकर के पास अपने पाठ के माध्यम से पेश करने के लिए वोट अपरिवर्तित हैं या नहीं।,1,496,496
मैं स्वाति हूं और मैं भारत के संविधान के साथ खड़ी हूं। भारत बनाम हिंदुत्व। ।,1,16,16
नवंबर 2015 विज्ञापन रूस ने सुपर-न्यूक शैतान 2 की डरावनी पहली तस्वीरें जारी कीं जिसमें टेक्सास के बड़े क्षेत्र को तबाह करने की ताकत है। 28 अक्टूबर 2016 पिछली पोस्ट विशेषज्ञों ने चेतावनी दी है कि हथियार हिरोशिमा और नागासाकी पर गिराए गए बमों की तरह दिखेंगे। रिपोर्टों के अनुसार पॉपगन्स रूस ने अपनी अब तक की सबसे बड़ी परमाणु मिसाइल का खुलासा किया है जो इतनी शक्तिशाली है कि फ्रांस जैसे बड़े देश को एक ही हमले में तबाह कर सकती है। व्लादिमीर पुतिन अपने एसएस-18 शैतान हथियारों के शस्त्रागार को नए आरएस-28 सरमत सुपर-न्यूक से बदलने की कोशिश कर रहे हैं। मेकयेव रॉकेट डिज़ाइन ब्यूरो से ऑनलाइन सामने आई तस्वीरों के अनुसार वे 16 परमाणु हथियारों से भरे हुए हैं। विशेषज्ञों ने कहा है कि हथियार - जो 2018 में लॉन्च के लिए तैयार होंगे - हिरोशिमा और नागासाकी पर गिराए गए बमों को पॉपगन जैसा बना देंगे। तस्वीर के साथ पोस्ट किए गए एक संदेश में कहा गया है रूसी सरकार के आदेश 2010 के लिए राज्य रक्षा आदेश और 2012-2013 की योजना अवधि पर के अनुसार मेकयेव रॉकेट पूरे लेख के लिए लिंक पर क्लिक करें,1,190,190
जन्माष्टमी मे मोर पंख इतना ज्यादा महत्त्वपूर्ण है की इतने मोर जीवों की हत्या भी जायज़ है!! आखिर बकरीद की कुर्बानियां का ही हंगामा क्यु मचे!! कुछ चर्चा का हक़ इनको भी दे दो धयान रहे मोर एक राष्ट्रीय पछी है फिर भी बेधड़क सब हो रहा है,1,48,48
0 टिप्पणियाँ 0 शेयर उदाहरण के लिए ई-घोषणा वेबसाइट पर पीपुल्स डिप्टी द्वारा प्रस्तुत आंकड़ों के अनुसार उनके पास व्यक्तिगत उपयोग के लिए विन्नित्सिया क्षेत्र में चर्च ऑफ द असेम्प्शन ऑफ द ब्लेस्ड वर्जिन मैरी है। हालाँकि मंदिर छोटा है - क्षेत्रफल में केवल 41 वर्ग मीटर। वेबसाइट पर इस संपत्ति की कीमत नहीं बताई गई है। जैसा कि घोषणा में दर्शाया गया है डिप्टी के पास तीन अपार्टमेंट हैं जिनमें से दो 1171 वर्ग मीटर और 1145 वर्ग मीटर कीव में स्थित हैं और तीसरा विन्नित्सा 78 वर्ग मीटर में है। इसके अलावा मतविनेको ने घोषणा में विन्नित्सिया क्षेत्र 5 हेक्टेयर और 15 हेक्टेयर में भूमि भूखंडों का संकेत दिया। कीव के पास गाँव में एक हेक्टेयर से अधिक भूमि। लिस्निकी 12 हेक्टेयर उनकी पत्नी के नाम पंजीकृत हैं। इसके अलावा बीपीपी के उप प्रमुख ने दो गैरेज 438 वर्ग मीटर और 145 वर्ग मीटर की घोषणा की जिनमें से एक उनकी संपत्ति है और दूसरा उनकी पत्नी का है। मतविनेको परिवार के पास इवानो-फ्रैंकिव्स्क क्षेत्र 1073 वर्ग मीटर में एक घर और लिस्निकी 8398 वर्ग मीटर में एक घर है। इसके अलावा पीपुल्स डिप्टी ने अपनी घोषणा में 62 वर्ग मीटर के अपने छोटे से कमरे का संकेत दिया जो कोंचा-ज़स्पा में राज्य प्रशासन के विश्राम गृह में स्थित है। इससे भी अधिक दिलचस्प यूक्रेन की राष्ट्रीय पुलिस के प्रमुख खटिया डेकोनोइडेज़ की घोषणा है। यह अधिकारी की वार्षिक आय 35 मिलियन रिव्निया 2012 हुंडई एलांट्रा कार को इंगित करता है जिसे 2013 में 103129 रिव्निया जॉर्जिया में तीन 3 अपार्टमेंट और में खरीदा गया था। 1800 वर्ग मीटर क्षेत्रफल वाला एक समान भूमि का भूखंड। एम। दरअसल डेकोनोइड्ज़ का वेतन स्वयं इतना अच्छा नहीं है - पिछले साल यह 88760 रिव्निया था लेकिन एमपीआरआई इंटरनेशनल सर्विसेज लिमिटेड एक कॉर्पोरेशन एंजिलिटी में उनके काम के लिए उन्हें 3431846 UAH का भुगतान किया गया था। और के बारे में। यूक्रेन के स्वास्थ्य मंत्री उलियाना सुप्रुन ने यूनिफाइड स्टेट रजिस्टर ऑफ डिक्लेरेशन में कीव में एक अपार्टमेंट की घोषणा की 43 मिलियन डॉलर से अधिक और लगभग 66 हजार रिव्निया नकद। वहीं 2015 में सुप्रुन के मुख्य कार्यस्थल पर प्राप्त कुल वेतन 36 हजार रिव्निया है। आइए याद करें जैसा कि PravdaRu ने बताया दिलचस्प अचल संपत्ति की खोज यूक्रेन के अभियोजक जनरल यूरी लुत्सेंको ने की थी। कीव में उनके पास एक पूरी आवासीय इमारत है और क्रीमिया में उनके पास $1 मिलियन मूल्य का एक अपार्टमेंट है। बेशक यह सब डमी के लिए पंजीकृत था। वेरखोव्ना राडा के डिप्टी सर्गेई लेशचेंको ने खोज के बारे में बात की। नवीनतम प्रावदा समाचार पढ़ें। आज के लिए आरयू,1,428,428
पॉडकास्ट नई विंडो में चलाएं डाउनलोड करें एम्बेड पूरे एशिया-प्रशांत से समाचारों पर हमारी चल रही नज़र के लिए ब्रॉक वेस्ट एक बार फिर हमारे साथ जुड़ गया है। इस बार हम कवर करेंगे कैसे एशिया-प्रशांत के देश अमेरिकी छत्रछाया से बाहर निकल रहे हैं कैसे जापानी और रूसी द्वितीय विश्व युद्ध की शांति संधि को औपचारिक रूप से संपन्न करने के कगार पर हो सकते हैं या नहीं भी और दक्षिण चीन सागर में ऑस्ट्रेलिया और इंडोनेशिया के संभावित संयुक्त अभ्यास। इस पॉडकास्ट के नोट्स और एमपी3 ऑडियो दिखाने के लिए यहां क्लिक करें,1,95,95
नई दिल्ल विधानसभ के 7 विधायक बीजेप के 1 विधायक महिल के ख़िलाफ अपराध के गंभीर मामल घोषण,1,18,18
ट्रोलअज्ञानी और स्पष्ट रूप से मूर्ख अल्फ़ी को नज़रअंदाज़ करें।,1,10,10
बूम पाय वीडिय लगभग चार साल पुर हाल पारित किसान बिल के ख़िलाफ़ चल रह विरोध संबंधित नह है।,1,19,19
स्रोत फेसबुक टिप्पणियों का उपयोग करके बातचीत में जोड़ें,1,9,9
हाल के दिनों में इटली रोम में बड़े भूकंपों की एक श्रृंखला ने त्रस्त कर दिया है। क्या हम दुनिया के अंत की शुरुआत देख सकते हैं क्या हम कई धार्मिक भविष्यवाणियों और ग्रंथों में वर्णित समय को जी रहे हैं आप तय करें! यूट्यूब पर देखें स्रोत क्या बड़ा वाला रोम पर हमला करने वाला है झटकों की शृंखला और ज्वालामुखी के फिर से जागृत होने से द डेली शीपल द्वारा बड़े भूकंप की आशंका व्यक्त की गई हम आपको हमारी रिपोर्ट विश्लेषण ब्रेकिंग न्यूज़ और वीडियो साझा करने और पुनः प्रकाशित करने के लिए प्रोत्साहित करते हैं विवरण के लिए क्लिक करें। wwwTheDailySheeplecom के द डेली शीपल द्वारा योगदान दिया गया। इस सामग्री को पूर्ण रूप से या आंशिक रूप से डिजिटल रूप में लेखक को पूर्ण श्रेय और wwwTheDailySheeplecom के लिंक के साथ स्वतंत्र रूप से पुन प्रस्तुत किया जा सकता है।,1,145,145
अफसल हम आ गए स्वागत नहीं करोगे,1,7,7
बूम पाय वीडिय 10 अगस्त जयपुर बारिश के कारण भर पा बस गुजर दिख,1,14,14
छोटा लड़का खुद को अपमानित करता है जो बीमार उदार माँ ने उसे पहनाया था 31 अक्टूबर 2016 को अमांडा शीया द्वारा राजनीति में पोस्ट किया गया बाएं अपमानजनक पोशाक में महिला का बेटा दाएं इसे साझा करें जबकि अन्य सभी बच्चे आज अपने पसंदीदा कार्टून चरित्रों या किसी प्रकार के सुपरहीरो के रूप में तैयार होकर कक्षा में आ रहे हैं एक अति-उदारवादी माँ ने इसके बजाय अपने बेटे का इस्तेमाल एक बीमार बयान देने के लिए किया। एजेंडा समझने के लिए बहुत छोटा छोटे लड़के ने अपनी कक्षा के सामने खुद को अपमानित किया जिसके लिए उसे शेष स्कूल वर्ष के साथ रहना होगा। स्कूल प्रशासकों की जिम्मेदारी है कि जब उन्हें लगे कि घर में कुछ गलत हो रहा है तो वे इसकी रिपोर्ट करें इस विकृत महिला ने जो पहनावा पहना था उसके आधार पर कुछ लोग सोचेंगे कि शायद इस लड़के के साथ भी ऐसा ही हुआ है। वह जो चाहे वैसा बनने का विकल्प दिए जाने के बजाय उसकी प्रतीत होता है कि नियंत्रित करने वाली माँ ने उसे वह पोशाक पहनने के लिए मना लिया जो उसे लगा कि वह एक बहुत अच्छी पोशाक है बिना यह सोचे कि यह उसके बच्चे को होने वाली भावनात्मक क्षति के बारे में सोच सकती है। उदारवादी माँ जो ऑनलाइन के नाम से जानी जाती है को इस बात पर गर्व था कि उसने अपने बेटे को अपने नायक हिलेरी क्लिंटन के रूप में तैयार किया जब उसने उसकी तस्वीर ऑनलाइन इस विवरण के साथ पोस्ट की “हमारा 8 वर्षीय बेटा आपके साथ है।” िलेरी क्लिंटन आज और हर दिन। महिला पोशाक की यथार्थवादी प्रकृति को जोड़ते हुए उसने अपने लड़के के बाल बढ़ाए ताकि इसे हिलेरी के हस्ताक्षर वाले पंखों वाले गुलदस्ते में स्टाइल किया जा सके। उसने उभयलिंगी पोशाक को एक पैंटसूट हिलेरी कैंपेन पिन और स्लोगन ब्रीफकेस के साथ पूरा किया फिर उसके ऊपर मोतियों वाले लड़कियों के जूतों की एक जोड़ी डाली। 8 साल के बच्चे ने अपनी मां की तरह हिलेरी क्लिंटन की तरह कपड़े पहने हालाँकि यह रूप लिंग की परवाह किए बिना नृशंस है और दूसरी कक्षा की कक्षा में इसका कोई स्थान नहीं है यह तथ्य कि उसने कमोबेश अपने बेटे को एक महिला के रूप में कपड़े पहनने के लिए मजबूर किया इसे और भी बदतर बना देता है - लेकिन यह लिंग-झुकाव के बराबर है उदारवादी। जबकि उसने अपनी राजनीतिक बात रखी और उसे इस पर स्पष्ट रूप से गर्व था उसका बेटा संभवतः दोपहर के भोजन के समय अकेला बैठा था और अपनी पीली महिला के पैंटसूट में अवकाश के समय अकेले खेल रहा था लेकिन वह उन बच्चों के पालन-पोषण के लिए अन्य लोगों के बुरे पालन-पोषण को दोष देगी जिन्होंने उसके बेटे के साथ ऐसा व्यवहार किया। इस तरह।,1,456,456
ये फोटो गुजरात का बताया जा रहा है। इनको भूल जाओ और जमाती में फंसे रहो। इसको कहते हैं राजनीति। असल मुद्दे से नजर हटाना और धर्म जातपात में उलझा देना। हाय रे हमारे भारतवासियों।,1,35,35
इन राज्यों ने मनोरंजक कैनबिस को वैध कर दिया है! तनाव बहुत बढ़ गया है क्योंकि आज अमेरिका के पांच राज्यों में यह निर्णय लेने के लिए मतदान हो रहा है कि कैनबिस सैटिवा निषेध को समाप्त किया जाए या नहीं। कई नागरिक बेसब्री से नतीजों का इंतजार कर रहे हैं कि ड्रग्स के खिलाफ गलत तरीके से छेड़े गए और विफल युद्ध से बाहर निकलने के लिए कौन से राज्य आगे होंगे। जिन पांच राज्यों में शराब के समान भांग के पौधे को विनियमित करने के संबंध में मतदान का प्रश्न था वे एरिजोना कैलिफोर्निया मेन मैसाचुसेट्स और नेवादा हैं। रात 9 बजे पीटी तक - एसोसिएटेड प्रेस और अन्य स्रोतों के अनुसार मैसाचुसेट्स ने 53% समर्थन के साथ उपाय पारित किया। 72% रिपोर्टिंग,1,125,125
अगला बाएं/दाएं स्वाइप करें ओजी मैन की दूध के लिए लड़ रही दो बिल्लियों की अविश्वसनीय रूप से अश्लील समीक्षा देखें यूट्यूब सनसनी ओजी मैन वस्तुतः किसी भी वीडियो की समीक्षा करेगा। उसके वॉयसओवर इस बात पर निर्भर करते हुए भिन्न हो सकते हैं कि वह किसी खेल मैच की टिप्पणी कर रहा है किसी टीवी शो की कहानी समझा रहा है या बस पिछले महीने की घटनाओं का विवरण दे रहा है लेकिन उन सभी में कुछ न कुछ समान है वे बकवास के रूप में अपवित्र हैं! दूध के कटोरे में शेर का हिस्सा पाने की कोशिश कर रही दो बिल्लियों की इस क्लिप पर टिप्पणी ने शपथ ग्रहण को एक नए स्तर पर ले लिया है क्योंकि ओज़ी मैन जानवरों की कल्पना करता है ना बकवास ना बकवास गतिरोध में फंस गए। मिलो और लुसी के बीच की लड़ाई में लुसी का पलड़ा भारी हैजिसके कारण यूट्यूब उपयोगकर्ता केके पाइटर ने टिप्पणी की मिलो थोड़ी बेकार है। उससे बहस नहीं कर सकते,1,165,165
अब गुजरात की एक ्जिद में हथियारों का जखीरा मिला…इन ांतिदूतों द्वारा कुछ तो ाजिशरची जा रही है भारत की सुरक्षा एजेंसियों को सतर्क रहना होगा प्रत्येक ्जिद_मदरसों की गहन जांच की जरूरत है !,1,35,35
